marka,raw_ilan_sayisi,train_ilan_sayisi,kayip_ilan_sayisi,retention_pct,benzersiz_model_sayisi,benzersiz_yil_sayisi,min_yil,max_yil,min_fiyat,median_fiyat,mean_fiyat,max_fiyat,fiyat_araligi,p10_fiyat,p90_fiyat,min_km,median_km,max_km,arabam_ilan_sayisi,kaggle_legacy_ilan_sayisi,current_scrape_ratio,synthetic_currently_used,current_synthetic_count,brand_support_level,models_with_n_le_2,models_with_n_3_5,models_with_n_6_10,models_with_n_11_20,models_with_n_gt_20,weak_model_count,weak_model_ratio,synthetic_priority,preliminary_synthetic_candidate,synthetic_reason
Renault,34896,34537,359,99.0,43,53,1974.0,2026.0,37500.0,620000.0,700970.8357992878,1975000.0,1937500.0,225000.0,1320000.0,0.0,200000.0,1000000.0,31686,2851,91.7,False,0,VERY_STRONG,2,2,3,3,33,7,16.3,NONE,False,Yeterli gercek kayit; marka duzeyinde sentetik destege ihtiyac yok.
Fiat,34019,33657,362,98.9,34,41,1978.0,2026.0,45000.0,570000.0,604355.4893781383,1485000.0,1440000.0,220000.0,1025000.0,0.0,185000.0,1000000.0,30914,2743,91.9,False,0,VERY_STRONG,4,0,2,3,25,6,17.6,NONE,False,Yeterli gercek kayit; marka duzeyinde sentetik destege ihtiyac yok.
Volkswagen,30990,30675,315,99.0,36,47,1974.0,2026.0,39000.0,995000.0,1073475.9362673187,2995000.0,2956000.0,410000.0,1825000.0,0.0,192000.0,999999.0,27905,2770,91.0,False,0,VERY_STRONG,2,3,2,4,25,7,19.4,NONE,False,Yeterli gercek kayit; marka duzeyinde sentetik destege ihtiyac yok.
Ford,25382,25121,261,99.0,37,49,1970.0,2026.0,12345.0,708000.0,770731.2164722742,2340000.0,2327655.0,328000.0,1299999.0,0.0,195000.0,1000000.0,22495,2626,89.5,False,0,VERY_STRONG,5,2,4,4,22,11,29.7,NONE,False,Yeterli gercek kayit; marka duzeyinde sentetik destege ihtiyac yok.
Opel,22039,21817,222,99.0,35,50,1972.0,2026.0,45000.0,627500.0,707954.4300316267,1850000.0,1805000.0,275000.0,1295000.0,0.0,195000.0,930000.0,19128,2689,87.7,False,0,VERY_STRONG,4,1,2,4,24,7,20.0,NONE,False,Yeterli gercek kayit; marka duzeyinde sentetik destege ihtiyac yok.
Peugeot,16580,16409,171,99.0,38,39,1988.0,2026.0,53000.0,600000.0,831336.1607654336,2370000.0,2317000.0,275000.0,1775000.0,0.0,187400.0,800000.0,13833,2576,84.3,False,0,VERY_STRONG,4,3,2,0,29,9,23.7,NONE,False,Yeterli gercek kayit; marka duzeyinde sentetik destege ihtiyac yok.
Hyundai,15830,15661,169,98.9,36,36,1991.0,2026.0,22000.0,675000.0,800098.580486559,2475000.0,2453000.0,279000.0,1480000.0,0.0,181000.0,999999.0,13028,2633,83.2,False,0,VERY_STRONG,3,3,2,3,25,7,19.4,NONE,False,Yeterli gercek kayit; marka duzeyinde sentetik destege ihtiyac yok.
Toyota,12609,12480,129,99.0,27,42,1985.0,2026.0,80000.0,895000.0,963534.1544070513,2595000.0,2515000.0,350000.0,1625000.0,0.0,169000.0,890000.0,9868,2612,79.1,False,0,VERY_STRONG,5,2,2,5,13,8,29.6,NONE,False,Yeterli gercek kayit; marka duzeyinde sentetik destege ihtiyac yok.
BMW,12276,12153,123,99.0,20,48,1977.0,2026.0,59876.0,1495000.0,1822022.2867604706,7250000.0,7190124.0,635400.0000000001,3600000.0,4.0,187000.0,766000.0,9576,2577,78.8,False,0,VERY_STRONG,0,0,1,2,17,1,5.0,NONE,False,Yeterli gercek kayit; marka duzeyinde sentetik destege ihtiyac yok.
Mercedes - Benz,11926,11803,123,99.0,51,54,1972.0,2026.0,99000.0,1720000.0,2125353.685418961,14900000.0,14801000.0,550000.0,4025000.0,0.0,185000.0,998000.0,9234,2569,78.2,True,11,VERY_STRONG,4,2,6,9,30,10,19.6,NONE,False,Yeterli gercek kayit; marka duzeyinde sentetik destege ihtiyac yok.
Citroen,11025,10916,109,99.0,34,34,1990.0,2026.0,22000.0,665000.0,800691.550476365,2150000.0,2128000.0,319450.0,1499999.5,0.0,164707.5,760000.0,8369,2547,76.7,False,0,VERY_STRONG,3,3,0,3,25,6,17.6,NONE,False,Yeterli gercek kayit; marka duzeyinde sentetik destege ihtiyac yok.
Honda,9818,9723,95,99.0,16,39,1986.0,2025.0,14700.0,975000.0,1039268.0655147588,2450000.0,2435300.0,415000.0,1725000.0,6000.0,183000.0,845000.0,7179,2544,73.8,False,0,VERY_STRONG,3,5,2,0,6,10,62.5,LOW,False,Yeterli gercek kayit; marka duzeyinde sentetik destege ihtiyac yok.
Audi,8661,8575,86,99.0,30,45,1981.0,2026.0,50000.0,1450000.0,1843056.549387755,8750000.0,8700000.0,680000.0,3490000.0,6000.0,187000.0,950000.0,6039,2536,70.4,False,0,VERY_STRONG,3,2,6,4,15,10,33.3,NONE,False,Yeterli gercek kayit; marka duzeyinde sentetik destege ihtiyac yok.
Skoda,8215,8125,90,98.9,18,38,1989.0,2026.0,10000.0,1149500.0,1164614.1005538462,3400000.0,3390000.0,285000.0,2050000.0,0.0,170000.0,1000000.0,5618,2507,69.1,False,0,VERY_STRONG,0,2,2,1,13,4,22.2,NONE,False,Yeterli gercek kayit; marka duzeyinde sentetik destege ihtiyac yok.
Dacia,6454,6394,60,99.1,11,24,2001.0,2026.0,115000.0,745000.0,764602.7841726618,1550000.0,1435000.0,325000.0,1255000.0,1.0,160000.0,1000000.0,4672,1722,73.1,False,0,VERY_STRONG,2,0,0,1,8,2,18.2,NONE,False,Yeterli gercek kayit; marka duzeyinde sentetik destege ihtiyac yok.
Seat,6394,6329,65,99.0,12,32,1991.0,2026.0,60000.0,835000.0,873338.0881655869,2150000.0,2090000.0,330000.0,1460000.0,0.0,177000.0,900000.0,3808,2521,60.2,False,0,VERY_STRONG,2,1,0,2,7,3,25.0,NONE,False,Yeterli gercek kayit; marka duzeyinde sentetik destege ihtiyac yok.
Nissan,6366,6303,63,99.0,29,39,1986.0,2026.0,10050.0,929750.0,1034138.4132952562,2850000.0,2839950.0,340000.0,1825000.0,8.0,155000.0,737000.0,5280,1023,83.8,False,0,VERY_STRONG,9,2,2,2,14,13,44.8,LOW,False,Yeterli gercek kayit; marka duzeyinde sentetik destege ihtiyac yok.
Tofaş,5053,4970,83,98.4,5,33,1971.0,2003.0,10000.0,165000.0,176900.35875251508,424000.0,414000.0,110000.0,259050.00000000017,6000.0,156765.0,1000000.0,2458,2512,49.5,False,0,VERY_STRONG,0,0,0,0,5,0,0.0,NONE,False,Yeterli gercek kayit; marka duzeyinde sentetik destege ihtiyac yok.
Kia,4917,4867,50,99.0,26,33,1993.0,2026.0,47500.0,830000.0,920458.0246558455,2750000.0,2702500.0,345000.0,1600000.0,0.0,168500.0,560000.0,3502,1365,72.0,False,0,VERY_STRONG,4,1,3,2,16,6,23.1,NONE,False,Yeterli gercek kayit; marka duzeyinde sentetik destege ihtiyac yok.
Chevrolet,4530,4482,48,98.9,21,26,1951.0,2026.0,115000.0,474000.0,497908.81548415887,2850000.0,2735000.0,290000.0,725000.0,0.0,201000.0,737000.0,2565,1917,57.2,False,0,VERY_STRONG,7,3,1,1,9,11,52.4,LOW,False,Yeterli gercek kayit; marka duzeyinde sentetik destege ihtiyac yok.
Volvo,2840,2811,29,99.0,26,37,1989.0,2026.0,100000.0,1100000.0,1763048.299181786,7580000.0,7480000.0,405000.0,4250000.0,6000.0,198000.0,780000.0,1831,980,65.1,False,0,VERY_STRONG,3,2,5,3,13,8,30.8,NONE,False,Yeterli gercek kayit; marka duzeyinde sentetik destege ihtiyac yok.
Mitsubishi,1557,1540,17,98.9,17,37,1985.0,2022.0,50000.0,515000.0,632010.337012987,2030000.0,1980000.0,240000.0,1230500.0000000007,1.0,257250.0,800000.0,1162,378,75.5,False,0,STRONG,2,3,2,2,8,7,41.2,LOW,False,Yeterli gercek kayit; marka duzeyinde sentetik destege ihtiyac yok.
Chery,1433,1418,15,99.0,13,9,2008.0,2026.0,110000.0,1730000.0,1621023.6361071933,2450000.0,2340000.0,427000.0000000002,2111500.0,6000.0,34458.0,396500.0,1363,55,96.1,False,0,STRONG,0,2,0,0,11,2,15.4,NONE,False,Yeterli gercek kayit; marka duzeyinde sentetik destege ihtiyac yok.
Land Rover,1422,1405,17,98.8,8,38,1974.0,2025.0,199999.0,2050000.0,3255288.1985765123,22500000.0,22300001.0,697000.0,6350000.0,0.0,195000.0,666000.0,1405,0,100.0,False,0,STRONG,0,0,0,0,8,0,0.0,NONE,False,Yeterli gercek kayit; marka duzeyinde sentetik destege ihtiyac yok.
Mazda,1232,1219,13,98.9,21,31,1987.0,2022.0,55000.0,340000.0,455922.4298605414,1700000.0,1645000.0,160000.0,928000.0000000007,10000.0,280000.0,575600.0,669,550,54.9,False,0,STRONG,3,7,3,0,8,13,61.9,LOW,False,Yeterli gercek kayit; marka duzeyinde sentetik destege ihtiyac yok.
Lada,1032,1018,14,98.6,5,21,1986.0,2009.0,17000.0,145000.0,149471.0304518664,288000.0,271000.0,97800.0,210000.0,6000.0,206500.0,999999.0,481,537,47.2,False,0,STRONG,1,0,0,1,3,1,20.0,NONE,False,Yeterli gercek kayit; marka duzeyinde sentetik destege ihtiyac yok.
Suzuki,1028,1017,11,98.9,13,39,1985.0,2025.0,55000.0,590000.0,770145.6017699115,2100000.0,2045000.0,175000.0,1628500.0,6000.0,143000.0,890000.0,695,322,68.3,False,0,STRONG,0,0,1,2,10,1,7.7,NONE,False,Yeterli gercek kayit; marka duzeyinde sentetik destege ihtiyac yok.
Mini,983,973,10,99.0,8,26,2001.0,2026.0,300000.0,1125000.0,1215528.9003083247,3150000.0,2850000.0,551000.0,2229822.2,6001.0,138053.0,410000.0,723,250,74.3,False,0,STRONG,1,0,1,0,6,1,12.5,NONE,False,Yeterli gercek kayit; marka duzeyinde sentetik destege ihtiyac yok.
Jeep,796,788,8,99.0,11,38,1964.0,2026.0,250000.0,1339950.0,1371386.7918781727,3295000.0,3045000.0,720000.0,2011500.0000000002,6001.0,133000.0,524000.0,788,0,100.0,False,0,STRONG,3,0,0,3,5,3,27.3,NONE,False,Yeterli gercek kayit; marka duzeyinde sentetik destege ihtiyac yok.
Alfa Romeo,725,717,8,98.9,18,32,1990.0,2026.0,78500.0,600000.0,742422.2831241284,2790000.0,2711500.0,235000.0,1843599.9999999998,6001.0,216000.0,555000.0,403,314,56.2,False,0,STRONG,3,5,1,1,8,9,50.0,LOW,False,Yeterli gercek kayit; marka duzeyinde sentetik destege ihtiyac yok.
Porsche,692,685,7,99.0,9,28,1997.0,2025.0,790000.0,4945000.0,6847479.194160584,34000000.0,33210000.0,2520000.0000000005,14400000.000000006,0.0,136000.0,512000.0,507,178,74.0,False,0,STRONG,0,0,1,2,6,1,11.1,MEDIUM,True,"Toplam gercek kayit orta (685), yuksek fiyat segmenti, 11% model dusuk destekli (n<10)."
TOGG,589,582,7,98.8,2,4,2023.0,2026.0,1350000.0,2107500.0,2085343.1597938144,2850000.0,1500000.0,1750000.0,2400000.0,6000.0,31500.0,170000.0,582,0,100.0,False,0,STRONG,0,0,0,0,2,0,0.0,NONE,False,Yeterli gercek kayit; marka duzeyinde sentetik destege ihtiyac yok.
Cupra,550,544,6,98.9,5,6,2021.0,2026.0,1725000.0,2350000.0,2382428.117647059,3420000.0,1695000.0,1976500.0,2792100.0,6000.0,30000.0,140000.0,502,42,92.3,False,0,STRONG,0,1,0,1,3,1,20.0,NONE,False,Yeterli gercek kayit; marka duzeyinde sentetik destege ihtiyac yok.
Ssangyong,482,477,5,99.0,12,23,1997.0,2026.0,12345.0,1350000.0,1336115.1509433961,2600000.0,2587655.0,523000.0,2180000.0,6000.0,83000.0,507000.0,477,0,100.0,False,0,GOOD,1,1,2,1,7,3,25.0,NONE,False,Yeterli gercek kayit; marka duzeyinde sentetik destege ihtiyac yok.
BYD,462,457,5,98.9,9,3,2023.0,2025.0,1350000.0,2300000.0,2323910.6914660833,4000000.0,2650000.0,1718000.0,2814000.0000000005,0.0,17700.0,90000.0,449,8,98.2,False,0,GOOD,0,0,2,1,6,2,22.2,NONE,False,Yeterli gercek kayit; marka duzeyinde sentetik destege ihtiyac yok.
Subaru,372,368,4,98.9,11,34,1990.0,2024.0,70000.0,944500.0,1020199.0461956522,3055000.0,2985000.0,413500.0,1816000.0000000002,6100.0,191338.0,625500.0,295,73,80.2,False,0,GOOD,1,3,1,2,4,5,45.5,LOW,False,Yeterli gercek kayit; marka duzeyinde sentetik destege ihtiyac yok.
Tesla,364,360,4,98.9,4,8,2017.0,2026.0,1595000.0,2332500.0,2427922.6611111113,3995000.0,2400000.0,1850000.0,3098200.0,6000.0,25000.0,160000.0,172,188,47.8,False,0,GOOD,1,1,0,1,1,2,50.0,LOW,False,Yeterli gercek kayit; marka duzeyinde sentetik destege ihtiyac yok.
MG,328,324,4,98.8,6,7,2000.0,2025.0,500000.0,1495000.0,1512756.5030864198,2258750.0,1758750.0,1265000.0,1745000.0,6001.0,41000.0,139000.0,305,19,94.1,False,0,GOOD,1,1,0,1,3,2,33.3,NONE,False,Yeterli gercek kayit; marka duzeyinde sentetik destege ihtiyac yok.
DS Automobiles,315,311,4,98.7,6,16,2010.0,2025.0,419000.0,1809900.0,1636278.7749196142,3300000.0,2881000.0,650000.0,2650000.0,6001.0,100100.0,925000.0,227,84,73.0,False,0,GOOD,0,1,0,0,5,1,16.7,NONE,False,Yeterli gercek kayit; marka duzeyinde sentetik destege ihtiyac yok.
Tata,291,288,3,99.0,5,9,2005.0,2014.0,55000.0,210000.0,211920.82986111112,375000.0,320000.0,150000.0,285000.0,61000.0,195000.0,450000.0,144,144,50.0,False,0,GOOD,0,1,0,0,4,1,20.0,NONE,False,Yeterli gercek kayit; marka duzeyinde sentetik destege ihtiyac yok.
Jaguar,262,259,3,98.9,14,34,1986.0,2023.0,279900.0,1399000.0,1550279.915057915,5050000.0,4770100.0,554000.0,2781000.0,6001.0,204000.0,500000.0,160,99,61.8,False,0,GOOD,3,4,0,2,5,7,50.0,LOW,False,Yeterli gercek kayit; marka duzeyinde sentetik destege ihtiyac yok.
Isuzu,225,222,3,98.7,3,22,1993.0,2025.0,245000.0,955000.0,1105846.8378378379,2850000.0,2605000.0,581400.0,1924999.9,6001.0,210000.0,653000.0,221,1,99.5,False,0,GOOD,2,0,0,0,1,2,66.7,LOW,False,Yeterli gercek kayit; marka duzeyinde sentetik destege ihtiyac yok.
Geely,212,210,2,99.1,4,6,2009.0,2014.0,135000.0,300000.0,315355.9428571428,510000.0,375000.0,224500.0,425000.0,38800.0,180000.0,385000.0,90,120,42.9,False,0,GOOD,0,0,0,0,4,0,0.0,NONE,False,Yeterli gercek kayit; marka duzeyinde sentetik destege ihtiyac yok.
Rover,179,177,2,98.9,15,11,1994.0,2005.0,65000.0,210000.0,222858.94350282487,627000.0,562000.0,143000.0,299962.2,88000.0,272000.0,469000.0,83,94,46.9,False,0,GOOD,5,1,4,2,3,10,66.7,MEDIUM,True,"Toplam gercek kayit orta (177), 67% model dusuk destekli (n<10)."
Proton,171,168,3,98.2,11,10,1988.0,2011.0,65000.0,219500.0,219205.34523809524,360950.0,295950.0,139900.0,299300.0,78000.0,252850.0,495000.0,80,88,47.6,False,0,GOOD,3,1,3,1,3,7,63.6,MEDIUM,True,"Toplam gercek kayit orta (168), 64% model dusuk destekli (n<10)."
Chrysler,157,155,2,98.7,10,18,1993.0,2012.0,99500.0,949000.0,894972.7870967742,2125000.0,2025500.0,390600.0,1375000.0,49000.0,287000.0,500000.0,79,76,51.0,False,0,GOOD,2,3,2,1,2,7,70.0,MEDIUM,True,"Toplam gercek kayit orta (155), 70% model dusuk destekli (n<10)."
Daewoo,149,147,2,98.7,9,9,1996.0,2012.0,51500.0,175000.0,176615.97959183675,385000.0,333500.0,100000.0,258000.00000000012,22222.0,250000.0,440000.0,70,77,47.6,False,0,GOOD,1,0,4,2,2,5,55.6,MEDIUM,True,"Toplam gercek kayit orta (147), 56% model dusuk destekli (n<10)."
Jaecoo,137,136,1,99.3,1,3,2024.0,2026.0,1799999.0,2127000.0,2136952.5661764704,2550000.0,750001.0,1947500.0,2347500.0,0.0,18500.0,130000.0,136,0,100.0,False,0,GOOD,0,0,0,0,1,0,0.0,LOW,False,Yeterli gercek kayit; marka duzeyinde sentetik destege ihtiyac yok.
Daihatsu,126,124,2,98.4,8,15,1990.0,2009.0,42000.0,297000.0,298994.7580645161,699000.0,657000.0,138000.0,447070.0,6000.0,219500.0,700000.0,66,58,53.2,False,0,GOOD,1,1,3,1,2,4,50.0,MEDIUM,True,"Toplam gercek kayit orta (124), 50% model dusuk destekli (n<10)."
Maserati,110,108,2,98.2,7,18,1994.0,2024.0,1399750.0,5125000.0,5219573.12962963,7950000.0,6550250.0,3433500.0,7250000.0,6100.0,106242.0,295000.0,75,33,69.4,False,0,GOOD,2,0,0,4,1,2,28.6,MEDIUM,True,"Toplam gercek kayit orta (108), yuksek fiyat segmenti, 29% model dusuk destekli (n<10)."
Lancia,94,93,1,98.9,4,9,2006.0,2014.0,250000.0,550000.0,622950.0,1850000.0,1600000.0,395000.0,734000.0,16000.0,190000.0,354000.0,41,52,44.1,False,0,MEDIUM,1,0,1,0,2,2,50.0,MEDIUM,True,"Toplam gercek kayit orta (93), 50% model dusuk destekli (n<10)."
Volta,93,89,4,95.7,13,4,2023.0,2026.0,27000.0,215000.0,207600.95505617978,515000.0,488000.0,35800.0,371000.0,0.0,6001.0,14000.0,81,8,91.0,False,0,MEDIUM,7,4,0,1,1,11,84.6,MEDIUM,True,"Toplam gercek kayit orta (89), 85% model dusuk destekli (n<10)."
Dodge,54,53,1,98.1,9,14,1992.0,2025.0,580000.0,1000000.0,2703392.433962264,9500000.0,8920000.0,654980.0,7650000.000000002,0.0,201000.0,469000.0,45,8,84.9,True,3,MEDIUM,4,3,0,1,1,7,77.8,MEDIUM,True,"Toplam gercek kayit orta (53), 78% model dusuk destekli (n<10)."
Smart,48,47,1,97.9,3,14,2000.0,2019.0,290000.0,464000.0,527098.9361702128,1149000.0,859000.0,342980.0,810000.0,54000.0,163000.0,361000.0,24,23,51.1,False,0,MODERATE,1,0,0,0,2,1,33.3,MEDIUM,True,"Toplam gercek kayit dusuk (47), 33% model dusuk destekli (n<10)."
Lexus,48,47,1,97.9,11,13,2006.0,2026.0,1265000.0,3580000.0,5029084.042553191,35500000.0,34235000.0,1349600.0,9379999.999999998,0.0,46000.0,216500.0,31,16,66.0,True,6,MODERATE,5,2,4,0,0,10,90.9,CRITICAL,True,"Toplam gercek kayit dusuk (47), yuksek fiyat segmenti, 91% model dusuk destekli (n<10)."
Infiniti,39,38,1,97.4,8,12,1996.0,2017.0,225000.0,1357500.0,1458821.2894736843,3148900.0,2923900.0,819500.0,2239500.0,97000.0,195425.0,349000.0,27,11,71.1,False,0,MODERATE,2,5,0,1,0,7,87.5,HIGH,True,"Toplam gercek kayit dusuk (38), 88% model dusuk destekli (n<10)."
Bentley,37,36,1,97.3,4,14,2008.0,2024.0,4250000.0,13800000.0,19167750.0,48500000.0,44250000.0,8575000.0,34750000.0,6001.0,46100.0,175365.0,16,20,44.4,True,6,MODERATE,2,0,1,0,1,3,75.0,CRITICAL,True,"Toplam gercek kayit dusuk (36), yuksek fiyat segmenti, 75% model dusuk destekli (n<10)."
Saab,36,35,1,97.2,4,15,1989.0,2009.0,155000.0,530000.0,532640.0,900000.0,745000.0,325000.0,730000.0000000001,172500.0,289000.0,490000.0,21,14,60.0,False,0,MODERATE,2,1,0,0,1,3,75.0,HIGH,True,"Toplam gercek kayit dusuk (35), 75% model dusuk destekli (n<10)."
Cadillac,33,32,1,97.0,7,20,1992.0,2023.0,849750.0,2712500.0,5987018.75,27500000.0,26650250.0,1455000.0,14165000.000000004,25000.0,162500.0,375000.0,27,5,84.4,False,0,MODERATE,4,2,0,0,1,6,85.7,HIGH,True,"Toplam gercek kayit dusuk (32), 86% model dusuk destekli (n<10)."
Ferrari,30,29,1,96.7,11,14,2000.0,2025.0,6150000.0,21500000.0,25520862.068965517,59500000.0,53350000.0,8262000.0,46800000.0,0.0,39000.0,79000.0,11,18,37.9,True,8,MODERATE,6,4,1,0,0,11,100.0,CRITICAL,True,"Toplam gercek kayit dusuk (29), yuksek fiyat segmenti, 100% model dusuk destekli (n<10)."
Arora,21,20,1,95.2,8,3,2018.0,2026.0,24000.0,130000.0,132095.95,275000.0,251000.0,54063.0,214899.10000000006,0.0,0.0,6100.0,20,0,100.0,False,0,LOW,6,1,1,0,0,8,100.0,HIGH,True,"Toplam gercek kayit dusuk (20), 100% model dusuk destekli (n<10)."
Regal Raptor,20,19,1,95.0,5,5,2022.0,2026.0,99000.0,163000.0,165786.31578947368,235000.0,136000.0,128000.0,217000.0,0.0,0.0,6001.0,15,4,78.9,False,0,LOW,2,2,1,0,0,5,100.0,HIGH,True,"Toplam gercek kayit dusuk (19), 100% model dusuk destekli (n<10)."
Rolls-Royce,19,18,1,94.7,5,7,1997.0,2024.0,999999.0,31900000.0,35686111.05555555,79500000.0,78500001.0,24780000.0,56200000.0,0.0,13750.0,900000.0,6,12,33.3,True,12,LOW,2,1,2,0,0,5,100.0,CRITICAL,True,"Toplam gercek kayit dusuk (18), yuksek fiyat segmenti, 100% model dusuk destekli (n<10)."
Yuki,18,17,1,94.4,5,6,2014.0,2026.0,20850.0,375500.0,300377.64705882355,498780.0,477930.0,40600.0,459600.0,0.0,6050.0,13000.0,13,4,76.5,False,0,LOW,3,1,1,0,0,5,100.0,HIGH,True,"Toplam gercek kayit dusuk (17), 100% model dusuk destekli (n<10)."
Ikco,13,12,1,92.3,1,2,2008.0,2009.0,165000.0,261000.0,253083.25,300000.0,135000.0,202999.9,293500.0,80000.0,236000.0,317000.0,6,6,50.0,False,0,LOW,0,0,0,1,0,0,0.0,MEDIUM,True,"Toplam gercek kayit dusuk (12), 0% model dusuk destekli (n<10)."
Aston Martin,13,12,1,92.3,6,7,2000.0,2016.0,4650000.0,8070000.0,7837916.666666667,12900000.0,8250000.0,5275000.0,10327500.0,22000.0,54750.0,108000.0,2,10,16.7,True,6,LOW,5,0,1,0,0,6,100.0,CRITICAL,True,"Toplam gercek kayit dusuk (12), yuksek fiyat segmenti, 100% model dusuk destekli (n<10)."
Stmax,11,11,0,100.0,5,5,2017.0,2026.0,25000.0,99999.0,88709.0,140000.0,115000.0,38000.0,119900.0,0.0,0.0,12000.0,11,0,100.0,False,0,LOW,3,2,0,0,0,5,100.0,HIGH,True,"Toplam gercek kayit dusuk (11), 100% model dusuk destekli (n<10)."
Ortimobil,10,10,0,100.0,2,2,2025.0,2026.0,639900.0,792500.0,803490.0,945000.0,305100.0,680490.0,945000.0,0.0,0.0,6005.0,10,0,100.0,False,0,VERY_LOW,0,1,1,0,0,2,100.0,HIGH,True,"Toplam gercek kayit dusuk (10), 100% model dusuk destekli (n<10)."
Anadol,10,9,1,90.0,1,6,1972.0,1984.0,90000.0,165000.0,169444.44444444444,250000.0,160000.0,118000.0,210000.0,89056.0,140000.0,245000.0,0,9,0.0,False,0,VERY_LOW,0,0,1,0,0,1,100.0,CRITICAL,True,"Toplam gercek kayit dusuk (9), 100% model dusuk destekli (n<10)."
Skyjet,10,9,1,90.0,8,2,2025.0,2026.0,25000.0,89250.0,78635.0,114240.0,89240.0,31000.0,106848.0,0.0,0.0,7000.0,9,0,100.0,False,0,VERY_LOW,8,0,0,0,0,8,100.0,HIGH,True,"Toplam gercek kayit dusuk (9), 100% model dusuk destekli (n<10)."
Reeder,10,9,1,90.0,1,2,2025.0,2026.0,281500.0,350000.0,350500.0,410000.0,128500.0,296300.0,400400.0,6000.0,6010.0,6666.0,9,0,100.0,False,0,VERY_LOW,0,0,1,0,0,1,100.0,HIGH,True,"Toplam gercek kayit dusuk (9), 100% model dusuk destekli (n<10)."
Leapmotor,10,9,1,90.0,1,3,2022.0,2024.0,708888.0,979000.0,939654.2222222222,1095000.0,386112.0,777777.6,1059000.0,25000.0,51000.0,88000.0,8,1,88.9,False,0,VERY_LOW,0,0,1,0,0,1,100.0,HIGH,True,"Toplam gercek kayit dusuk (9), 100% model dusuk destekli (n<10)."
Apec,10,9,1,90.0,3,2,2025.0,2026.0,55000.0,61900.0,64620.0,75000.0,20000.0,60520.0,70992.0,0.0,0.0,6000.0,9,0,100.0,False,0,VERY_LOW,2,1,0,0,0,3,100.0,HIGH,True,"Toplam gercek kayit dusuk (9), 100% model dusuk destekli (n<10)."
RKS,8,7,1,87.5,3,2,2022.0,2023.0,200000.0,219000.0,222857.14285714287,250000.0,50000.0,206000.0,241000.0,6001.0,6001.0,6500.0,3,4,42.9,False,0,VERY_LOW,2,1,0,0,0,3,100.0,HIGH,True,"Toplam gercek kayit dusuk (7), 100% model dusuk destekli (n<10)."
Motolux,8,7,1,87.5,5,3,2024.0,2026.0,46999.0,78000.0,90569.85714285714,144000.0,97001.0,56599.6,141594.0,0.0,0.0,11251.0,7,0,100.0,False,0,VERY_LOW,4,1,0,0,0,5,100.0,HIGH,True,"Toplam gercek kayit dusuk (7), 100% model dusuk destekli (n<10)."
Nieve,8,7,1,87.5,2,2,2023.0,2026.0,442470.0,1150000.0,903072.8571428572,1253000.0,810530.0,469788.0,1251200.0,0.0,17000.0,34000.0,4,3,57.1,False,0,VERY_LOW,0,2,0,0,0,2,100.0,HIGH,True,"Toplam gercek kayit dusuk (7), 100% model dusuk destekli (n<10)."
Iveco - Otoyol,8,7,1,87.5,1,5,2016.0,2024.0,775000.0,1450000.0,1276985.7142857143,1525000.0,750000.0,837940.0,1525000.0,15000.0,89000.0,223000.0,7,0,100.0,False,0,VERY_LOW,0,0,1,0,0,1,100.0,HIGH,True,"Toplam gercek kayit dusuk (7), 100% model dusuk destekli (n<10)."
SFM,8,7,1,87.5,3,2,2025.0,2026.0,90000.0,110000.0,105998.57142857143,120000.0,30000.0,91200.0,119994.0,0.0,0.0,6001.0,7,0,100.0,False,0,VERY_LOW,2,1,0,0,0,3,100.0,HIGH,True,"Toplam gercek kayit dusuk (7), 100% model dusuk destekli (n<10)."
Falcon,7,6,1,85.7,3,4,2023.0,2026.0,45000.0,60000.0,73666.66666666667,115000.0,70000.0,47500.0,113500.0,0.0,0.0,6000.0,6,0,100.0,False,0,VERY_LOW,2,1,0,0,0,3,100.0,HIGH,True,"Toplam gercek kayit dusuk (6), 100% model dusuk destekli (n<10)."
Kimmi,7,6,1,85.7,3,2,2025.0,2026.0,90000.0,125950.0,123133.33333333333,139000.0,49000.0,106500.0,136950.0,0.0,0.0,0.0,6,0,100.0,False,0,VERY_LOW,2,1,0,0,0,3,100.0,HIGH,True,"Toplam gercek kayit dusuk (6), 100% model dusuk destekli (n<10)."
Lamborghini,7,6,1,85.7,3,5,2008.0,2020.0,13250000.0,23625000.0,26825000.0,46500000.0,33250000.0,14600000.0,42250000.0,17000.0,30000.0,97000.0,3,3,50.0,True,4,VERY_LOW,2,1,0,0,0,3,100.0,CRITICAL,True,"Toplam gercek kayit dusuk (6), yuksek fiyat segmenti, 100% model dusuk destekli (n<10)."
Kuba,7,6,1,85.7,4,4,2023.0,2026.0,50000.0,191800.0,170433.16666666666,279999.0,229999.0,55000.0,264499.5,0.0,3018.0,10000.0,5,1,83.3,False,0,VERY_LOW,3,1,0,0,0,4,100.0,HIGH,True,"Toplam gercek kayit dusuk (6), 100% model dusuk destekli (n<10)."
XEV,6,5,1,83.3,1,1,2022.0,2022.0,530000.0,576500.0,583600.0,650000.0,120000.0,537600.0,635000.0,6001.0,6350.0,20000.0,3,2,60.0,False,0,CRITICAL,0,1,0,0,0,1,100.0,HIGH,True,"Toplam gercek kayit dusuk (5), 100% model dusuk destekli (n<10)."
Acura,5,4,1,80.0,3,4,1996.0,2014.0,175000.0,500000.0,531250.0,950000.0,775000.0,272500.0,815000.0000000001,91000.0,350000.0,500000.0,1,3,25.0,False,0,CRITICAL,3,0,0,0,0,3,100.0,HIGH,True,"Toplam gercek kayit dusuk (4), 100% model dusuk destekli (n<10)."
Pontiac,5,4,1,80.0,1,2,1994.0,1997.0,2250000.0,2450000.0,2537500.0,3000000.0,750000.0,2280000.0,2865000.0,98000.0,101021.0,105000.0,2,2,50.0,False,0,CRITICAL,0,1,0,0,0,1,100.0,HIGH,True,"Toplam gercek kayit dusuk (4), 100% model dusuk destekli (n<10)."
Apachi,4,4,0,100.0,2,2,2023.0,2026.0,52900.0,107250.0,106725.0,159500.0,106600.0,53530.0,159500.0,0.0,0.0,0.0,4,0,100.0,False,0,CRITICAL,1,1,0,0,0,2,100.0,HIGH,True,"Toplam gercek kayit dusuk (4), 100% model dusuk destekli (n<10)."
Lincoln,4,3,1,75.0,2,3,1988.0,1999.0,700000.0,1199900.0,1249966.6666666667,1850000.0,1150000.0,799980.0,1719980.0,125000.0,130000.0,155000.0,2,1,66.7,False,0,CRITICAL,2,0,0,0,0,2,100.0,HIGH,True,"Toplam gercek kayit dusuk (3), 100% model dusuk destekli (n<10)."
Milyon Moto,4,3,1,75.0,1,1,2025.0,2025.0,29900.0,62000.0,52300.0,65000.0,35100.0,36320.0,64400.0,0.0,0.0,0.0,3,0,100.0,False,0,CRITICAL,0,1,0,0,0,1,100.0,HIGH,True,"Toplam gercek kayit dusuk (3), 100% model dusuk destekli (n<10)."
Buick,4,3,1,75.0,1,3,1990.0,1993.0,590000.0,900000.0,813333.3333333334,950000.0,360000.0,652000.0,940000.0,95000.0,115000.0,130000.0,2,1,66.7,False,0,CRITICAL,0,1,0,0,0,1,100.0,HIGH,True,"Toplam gercek kayit dusuk (3), 100% model dusuk destekli (n<10)."
Rainwoll,4,3,1,75.0,1,1,2023.0,2023.0,595000.0,779900.0,723300.0,795000.0,200000.0,631980.0,791980.0,12000.0,24250.0,51000.0,3,0,100.0,False,0,CRITICAL,0,1,0,0,0,1,100.0,HIGH,True,"Toplam gercek kayit dusuk (3), 100% model dusuk destekli (n<10)."
Mondial,4,3,1,75.0,3,3,2023.0,2026.0,31500.0,33000.0,36000.0,43500.0,12000.0,31800.0,41400.0,0.0,6000.0,6000.0,3,0,100.0,False,0,CRITICAL,3,0,0,0,0,3,100.0,HIGH,True,"Toplam gercek kayit dusuk (3), 100% model dusuk destekli (n<10)."
Lotus,3,2,1,66.7,1,2,1995.0,1998.0,3600000.0,5450000.0,5450000.0,7300000.0,3700000.0,3970000.0,6930000.0,6530.0,33329.0,60128.0,1,1,50.0,False,0,CRITICAL,1,0,0,0,0,1,100.0,CRITICAL,True,"Toplam gercek kayit dusuk (2), yuksek fiyat segmenti, 100% model dusuk destekli (n<10)."
Mercury,3,2,1,66.7,2,2,1990.0,1999.0,1000000.0,1750000.0,1750000.0,2500000.0,1500000.0,1150000.0,2350000.0,123000.0,129000.0,135000.0,1,1,50.0,False,0,CRITICAL,2,0,0,0,0,2,100.0,HIGH,True,"Toplam gercek kayit dusuk (2), 100% model dusuk destekli (n<10)."
Musatti,3,2,1,66.7,2,2,2025.0,2026.0,89900.0,94850.0,94850.0,99800.0,9900.0,90890.0,98810.0,0.0,0.0,0.0,2,0,100.0,False,0,CRITICAL,2,0,0,0,0,2,100.0,HIGH,True,"Toplam gercek kayit dusuk (2), 100% model dusuk destekli (n<10)."
Joyce,2,2,0,100.0,1,1,2023.0,2023.0,375000.0,375000.0,375000.0,375000.0,0.0,375000.0,375000.0,6001.0,6001.0,6001.0,0,2,0.0,False,0,CRITICAL,1,0,0,0,0,1,100.0,CRITICAL,True,"Toplam gercek kayit dusuk (2), 100% model dusuk destekli (n<10)."
Aion,1,1,0,100.0,1,1,2021.0,2021.0,1099000.0,1099000.0,1099000.0,1099000.0,0.0,1099000.0,1099000.0,70000.0,70000.0,70000.0,0,1,0.0,False,0,CRITICAL,1,0,0,0,0,1,100.0,CRITICAL,True,"Toplam gercek kayit dusuk (1), 100% model dusuk destekli (n<10)."
Işıldar Apachi,1,1,0,100.0,1,1,2014.0,2014.0,28000.0,28000.0,28000.0,28000.0,0.0,28000.0,28000.0,10000.0,10000.0,10000.0,1,0,100.0,False,0,CRITICAL,1,0,0,0,0,1,100.0,HIGH,True,"Toplam gercek kayit dusuk (1), 100% model dusuk destekli (n<10)."
Galaxy,1,1,0,100.0,1,1,2025.0,2025.0,107000.0,107000.0,107000.0,107000.0,0.0,107000.0,107000.0,0.0,0.0,0.0,1,0,100.0,False,0,CRITICAL,1,0,0,0,0,1,100.0,HIGH,True,"Toplam gercek kayit dusuk (1), 100% model dusuk destekli (n<10)."
Evoke,1,1,0,100.0,1,1,2023.0,2023.0,220000.0,220000.0,220000.0,220000.0,0.0,220000.0,220000.0,6001.0,6001.0,6001.0,1,0,100.0,False,0,CRITICAL,1,0,0,0,0,1,100.0,HIGH,True,"Toplam gercek kayit dusuk (1), 100% model dusuk destekli (n<10)."
GAZ,1,1,0,100.0,1,1,2006.0,2006.0,195000.0,195000.0,195000.0,195000.0,0.0,195000.0,195000.0,169000.0,169000.0,169000.0,1,0,100.0,False,0,CRITICAL,1,0,0,0,0,1,100.0,HIGH,True,"Toplam gercek kayit dusuk (1), 100% model dusuk destekli (n<10)."
CityCoco,1,1,0,100.0,1,1,2023.0,2023.0,75000.0,75000.0,75000.0,75000.0,0.0,75000.0,75000.0,6001.0,6001.0,6001.0,1,0,100.0,False,0,CRITICAL,1,0,0,0,0,1,100.0,HIGH,True,"Toplam gercek kayit dusuk (1), 100% model dusuk destekli (n<10)."
CSN Motor,1,1,0,100.0,1,1,2025.0,2025.0,58999.0,58999.0,58999.0,58999.0,0.0,58999.0,58999.0,0.0,0.0,0.0,1,0,100.0,False,0,CRITICAL,1,0,0,0,0,1,100.0,HIGH,True,"Toplam gercek kayit dusuk (1), 100% model dusuk destekli (n<10)."
Maxus,1,1,0,100.0,1,1,2025.0,2025.0,1189900.0,1189900.0,1189900.0,1189900.0,0.0,1189900.0,1189900.0,13000.0,13000.0,13000.0,1,0,100.0,False,0,CRITICAL,1,0,0,0,0,1,100.0,HIGH,True,"Toplam gercek kayit dusuk (1), 100% model dusuk destekli (n<10)."
McLaren,1,1,0,100.0,1,1,2020.0,2020.0,40000000.0,40000000.0,40000000.0,40000000.0,0.0,40000000.0,40000000.0,38000.0,38000.0,38000.0,1,0,100.0,False,0,CRITICAL,1,0,0,0,0,1,100.0,CRITICAL,True,"Toplam gercek kayit dusuk (1), yuksek fiyat segmenti, 100% model dusuk destekli (n<10)."
Plymouth,1,1,0,100.0,1,1,1952.0,1952.0,1200000.0,1200000.0,1200000.0,1200000.0,0.0,1200000.0,1200000.0,381696.0,381696.0,381696.0,1,0,100.0,False,0,CRITICAL,1,0,0,0,0,1,100.0,HIGH,True,"Toplam gercek kayit dusuk (1), 100% model dusuk destekli (n<10)."
Luyuan,1,1,0,100.0,1,1,2023.0,2023.0,37500.0,37500.0,37500.0,37500.0,0.0,37500.0,37500.0,6100.0,6100.0,6100.0,1,0,100.0,False,0,CRITICAL,1,0,0,0,0,1,100.0,HIGH,True,"Toplam gercek kayit dusuk (1), 100% model dusuk destekli (n<10)."
Silence,2,1,1,50.0,1,1,2023.0,2023.0,90000.0,90000.0,90000.0,90000.0,0.0,90000.0,90000.0,35000.0,35000.0,35000.0,1,0,100.0,False,0,CRITICAL,1,0,0,0,0,1,100.0,HIGH,True,"Toplam gercek kayit dusuk (1), 100% model dusuk destekli (n<10)."
Relive,2,1,1,50.0,1,1,2023.0,2023.0,715000.0,715000.0,715000.0,715000.0,0.0,715000.0,715000.0,29000.0,29000.0,29000.0,1,0,100.0,False,0,CRITICAL,1,0,0,0,0,1,100.0,HIGH,True,"Toplam gercek kayit dusuk (1), 100% model dusuk destekli (n<10)."
The London Taxi,2,1,1,50.0,1,1,2022.0,2022.0,5550000.0,5550000.0,5550000.0,5550000.0,0.0,5550000.0,5550000.0,0.0,0.0,0.0,0,1,0.0,False,0,CRITICAL,1,0,0,0,0,1,100.0,CRITICAL,True,"Toplam gercek kayit dusuk (1), yuksek fiyat segmenti, 100% model dusuk destekli (n<10)."
Vanderhall,1,1,0,100.0,1,1,2021.0,2021.0,3590000.0,3590000.0,3590000.0,3590000.0,0.0,3590000.0,3590000.0,6001.0,6001.0,6001.0,1,0,100.0,False,0,CRITICAL,1,0,0,0,0,1,100.0,CRITICAL,True,"Toplam gercek kayit dusuk (1), yuksek fiyat segmenti, 100% model dusuk destekli (n<10)."
Yiben,1,1,0,100.0,1,1,2025.0,2025.0,93000.0,93000.0,93000.0,93000.0,0.0,93000.0,93000.0,6001.0,6001.0,6001.0,1,0,100.0,False,0,CRITICAL,1,0,0,0,0,1,100.0,HIGH,True,"Toplam gercek kayit dusuk (1), 100% model dusuk destekli (n<10)."
Zelsun,1,1,0,100.0,1,1,2025.0,2025.0,99000.0,99000.0,99000.0,99000.0,0.0,99000.0,99000.0,0.0,0.0,0.0,1,0,100.0,False,0,CRITICAL,1,0,0,0,0,1,100.0,HIGH,True,"Toplam gercek kayit dusuk (1), 100% model dusuk destekli (n<10)."
