marka,model,train_real_count,raw_real_count,hp_support,hp_source,unique_year_count,year_range,km_range,min_price,median_price,max_price,arabam_count,kaggle_count,current_scrape_ratio,current_prediction_probe_error_pct,synthetic_safe,generation_consistency,engine_consistency,body_type_consistency,recommended_synthetic_count,candidate_priority,reason
Maserati,MC20,0,1,108,brand,1,2021-2021,"6,100-6,100",22900000.0,22900000.0,22900000.0,0,1,0.0,,False,"OK (dusuk varyans, cv=0.00)",N/A (tek/az veri),OK ([]),0,REJECT,train_n=0; yetersiz demir (n<=2); premium segment
Maserati,4 Serisi,1,1,1,brand_model,1,1994-1994,"75,000-75,000",1399750.0,1399750.0,1399750.0,0,1,0.0,38.5,False,"OK (dusuk varyans, cv=0.00)",N/A (tek/az veri),OK (['Sedan']),0,REJECT,train_n=1; yetersiz demir (n<=2); probe hata %38.5
Maserati,GranCabrio,2,2,2,brand_model,1,2013-2013,"85,000-85,000",5490000.0,6190000.0,6890000.0,1,1,50.0,21.1,False,"OK (dusuk varyans, cv=0.11)",OK (cv=0.01),"COKLU-VARYANT (['Cabrio', 'Belirtilmemiş'])",0,REJECT,train_n=2; yetersiz demir (n<=2); probe hata %21.1; premium segment
Maserati,GranTurismo,13,13,13,brand_model,6,2007-2013,"46,143-124,559",3000000.0,5250000.0,7000000.0,7,6,53.8,16.2,True,"OK (yasla aciklanan, corr=-0.49)",OK (cv=0.05),"COKLU-VARYANT (['Coupe', 'Cabrio'])",3,MEDIUM,train_n=13; probe hata %16.2; premium segment
Maserati,Grecale,16,16,16,brand_model,3,2022-2024,"7,748-75,465",4900000.0,6620000.0,7700000.0,16,0,100.0,5.2,True,"OK (yasla aciklanan, corr=-0.39)",OK (cv=0.09),OK (['SUV']),3,LOW,train_n=16; probe hata %5.2; premium segment
Maserati,Levante,20,21,20,brand_model,8,2016-2024,"6,100-230,000",3395000.0,5600000.0,7950000.0,21,0,105.0,6.0,True,"OK (yasla aciklanan, corr=-0.91)",INCELE (cv=0.21),OK (['SUV']),3,LOW,train_n=20; probe hata %6.0; premium segment
Maserati,Quattroporte,20,20,20,brand_model,6,2006-2015,"64,301-268,000",2375000.0,4920000.0,7599000.0,11,9,55.0,4.1,True,"OK (yasla aciklanan, corr=-0.70)",INCELE (cv=0.18),OK (['Sedan']),3,LOW,train_n=20; probe hata %4.1; premium segment
Maserati,Ghibli,36,36,36,brand_model,9,2013-2023,"11,273-295,000",2525000.0,4200000.0,7395000.0,20,16,55.6,10.4,True,"OK (yasla aciklanan, corr=-0.78)",OK (cv=0.15),"COKLU-VARYANT (['Sedan', 'Coupe'])",0,NO_NEED,train_n=36; zaten yeterli (n>20); probe hata %10.4; premium segment
Porsche,Boxster,8,8,8,brand_model,7,1997-2014,"68,000-235,000",1300000.0,2074450.0,5650000.0,3,5,37.5,20.7,True,"OK (yasla aciklanan, corr=-0.90)",OK (cv=0.07),OK (['Roadster']),5,HIGH,train_n=8; probe hata %20.7
Porsche,Cayman,15,15,15,brand_model,6,2007-2015,"38,000-165,000",2695000.0,3890000.0,4750000.0,7,8,46.7,10.0,True,"OK (yasla aciklanan, corr=-0.63)",OK (cv=0.09),OK (['Coupe']),3,LOW,train_n=15; probe hata %10.0; premium segment
Porsche,718,17,17,17,brand_model,7,2016-2024,"0-74,026",4190000.0,7900000.0,27000000.0,6,11,35.3,7.0,False,"OK (yasla aciklanan, corr=-0.71)",HETEROJEN (cv=0.36),"HETEROJEN (['Coupe', 'Roadster', 'Cabrio'])",0,REJECT,train_n=17; motor heterojen: HETEROJEN (cv=0.36); probe hata %7.0; premium segment
Porsche,Taycan,51,51,51,brand_model,5,2020-2024,"0-85,000",5000000.0,6965000.0,17750000.0,0,51,0.0,0.7,True,"OK (yasla aciklanan, corr=-0.68)",N/A (tek/az veri),"HETEROJEN (['Sedan', 'Coupe', 'Station wagon', 'Belirtilmemiş'])",0,NO_NEED,train_n=51; zaten yeterli (n>20); probe hata %0.7; premium segment
Porsche,911,62,69,62,brand_model,22,1998-2025,"0-240,000",2600000.0,10200000.0,34000000.0,30,39,48.4,1.9,True,"OK (yasla aciklanan, corr=-0.93)",OK (cv=0.14),"HETEROJEN (['Coupe', 'Cabrio', 'Roadster', 'Belirtilmemiş'])",0,NO_NEED,train_n=62; zaten yeterli (n>20); probe hata %1.9; premium segment
Porsche,Taycan Elektrik,76,76,76,brand_model,7,2019-2025,"0-146,000",5600000.0,7995000.0,14999000.0,76,0,100.0,7.5,True,"OK (yasla aciklanan, corr=-0.54)",OK (cv=0.00),"HETEROJEN (['Sedan', 'Station wagon', 'Coupe'])",0,NO_NEED,train_n=76; zaten yeterli (n>20); probe hata %7.5; premium segment
Porsche,Macan,79,79,79,brand_model,12,2014-2025,"6,001-320,000",2750000.0,4680000.0,10999900.0,79,0,100.0,3.2,True,"OK (yasla aciklanan, corr=-0.94)",INCELE (cv=0.23),OK (['SUV']),0,NO_NEED,train_n=79; zaten yeterli (n>20); probe hata %3.2; premium segment
Porsche,Panamera,172,172,172,brand_model,14,2010-2024,"0-360,000",2650000.0,4162500.0,33900000.0,106,66,61.6,17.9,True,"OK (yasla aciklanan, corr=-0.91)",INCELE (cv=0.19),"HETEROJEN (['Hatchback/5', 'Sedan', 'Coupe', 'Station wagon', 'Hatchback/3'])",0,NO_NEED,train_n=172; zaten yeterli (n>20); probe hata %17.9; premium segment
Porsche,Cayenne,205,205,205,brand_model,23,2003-2025,"0-512,000",790000.0,3150000.0,29850000.0,205,0,100.0,18.2,True,"OK (yasla aciklanan, corr=-0.96)",OK (cv=0.15),"COKLU-VARYANT (['SUV', 'Cabrio'])",0,NO_NEED,train_n=205; zaten yeterli (n>20); probe hata %18.2; premium segment
Mercedes - Benz,320,1,1,1,brand_model,1,1993-1993,"100,000-100,000",2100000.0,2100000.0,2100000.0,0,1,0.0,8.2,False,"OK (dusuk varyans, cv=0.00)",N/A (tek/az veri),OK (['Coupe']),0,REJECT,train_n=1; yetersiz demir (n<=2); probe hata %8.2
Mercedes - Benz,240,2,2,2,brand_model,2,1978-1984,"149,000-172,000",235000.0,350000.0,465000.0,1,1,50.0,102.4,True,"OK (dusuk varyans, cv=0.33)",OK (cv=0.00),OK (['Sedan']),0,REJECT,train_n=2; yetersiz demir (n<=2); probe hata %102.4
Mercedes - Benz,GLE,2,2,2,brand_model,1,2015-2015,"196,000-210,000",3350000.0,3917500.0,4485000.0,2,0,100.0,6.4,False,"OK (dusuk varyans, cv=0.14)",OK (cv=0.00),OK (['SUV']),0,REJECT,train_n=2; yetersiz demir (n<=2); probe hata %6.4; premium segment
Mercedes - Benz,SLC,2,2,2,brand_model,2,2016-2017,"89,444-197,000",1950000.0,2287500.0,2625000.0,0,2,0.0,12.4,True,"OK (dusuk varyans, cv=0.15)",OK (cv=0.00),OK (['Roadster']),0,REJECT,train_n=2; yetersiz demir (n<=2); probe hata %12.4
Mercedes - Benz,560,3,3,3,brand_model,3,1987-1989,"153,765-230,000",3500000.0,3695000.0,3950000.0,2,1,66.7,5.4,True,"OK (dusuk varyans, cv=0.05)",OK (cv=0.00),"COKLU-VARYANT (['Coupe', 'Sedan'])",6,MEDIUM,train_n=3; probe hata %5.4; premium segment
Mercedes - Benz,GLS,3,5,3,brand_model,2,2016-2017,"156,500-291,000",6450000.0,6700000.0,7250000.0,5,0,166.7,12.2,True,"OK (yasla aciklanan, corr=-0.95)",OK (cv=0.00),OK (['SUV']),6,HIGH,train_n=3; probe hata %12.2; premium segment
Mercedes - Benz,R,7,7,7,brand_model,3,2006-2008,"200,000-475,000",1125000.0,1430000.0,1475000.0,5,2,71.4,7.4,True,"OK (dusuk varyans, cv=0.08)",OK (cv=0.07),OK (['Station wagon']),5,MEDIUM,train_n=7; probe hata %7.4
Mercedes - Benz,500,8,8,8,brand_model,7,1983-1993,"191,554-386,000",650000.0,1675000.0,2375000.0,4,4,50.0,4.4,True,"OK (dusuk varyans, cv=0.38)",OK (cv=0.02),"HETEROJEN (['Sedan', 'Coupe', 'Hatchback/5'])",5,MEDIUM,train_n=8; probe hata %4.4
Mercedes - Benz,Maybach S,6,25,6,brand_model,4,2015-2019,"102,000-240,869",7950000.0,10600000.0,11900000.0,16,9,266.7,11.0,True,"OK (yasla aciklanan, corr=-0.91)",OK (cv=0.13),OK (['Sedan']),5,HIGH,train_n=6; probe hata %11.0; premium segment
Mercedes - Benz,V Serisi,9,18,9,brand_model,6,2015-2024,"19,660-275,000",3150000.0,5850000.0,8750000.0,18,0,200.0,15.0,True,"OK (yasla aciklanan, corr=-0.41)",OK (cv=0.04),"COKLU-VARYANT (['Camlı Van', 'Minibüs'])",5,HIGH,train_n=9; probe hata %15.0; premium segment
Audi,RS Q8,0,4,8575,brand,3,2021-2024,"0-83,000",13900000.0,19962373.5,21750000.0,4,0,0.0,,False,"OK (yasla aciklanan, corr=-0.98)",N/A (tek/az veri),OK ([]),0,REJECT,train_n=0; yetersiz demir (n<=2); premium segment
Audi,A2,1,1,1,brand_model,1,2005-2005,"116,000-116,000",670000.0,670000.0,670000.0,1,0,100.0,3.5,False,"OK (dusuk varyans, cv=0.00)",N/A (tek/az veri),OK (['Hatchback/5']),0,REJECT,train_n=1; yetersiz demir (n<=2); probe hata %3.5
Audi,R8,1,2,1,brand_model,1,2008-2008,"112,550-112,550",5490000.0,5490000.0,5490000.0,0,2,0.0,3.6,False,"OK (dusuk varyans, cv=0.00)",N/A (tek/az veri),OK (['Coupe']),0,REJECT,train_n=1; yetersiz demir (n<=2); probe hata %3.6; premium segment
Audi,200 Serisi,2,2,2,brand_model,2,1985-1990,"161,271-165,000",350000.0,925000.0,1500000.0,1,1,50.0,202.0,True,"INCELE (corr=nan, cv=0.6216)",OK (cv=0.04),OK (['Sedan']),0,REJECT,train_n=2; yetersiz demir (n<=2); probe hata %202.0
Audi,90 Serisi,3,3,3,brand_model,2,1986-1990,"180,100-445,000",185000.0,360000.0,400000.0,3,0,100.0,28.7,True,"OK (yasla aciklanan, corr=-0.99)",OK (cv=0.12),OK (['Sedan']),6,HIGH,train_n=3; probe hata %28.7
Audi,Q4 Sportback,5,5,5,brand_model,2,2024-2025,"17,000-40,000",3170000.0,3299000.0,3840000.0,5,0,100.0,12.2,True,"OK (dusuk varyans, cv=0.07)",N/A (tek/az veri),OK (['SUV']),6,HIGH,train_n=5; probe hata %12.2; premium segment
Audi,Q8 Sportback E-Tron,6,6,6,brand_model,2,2023-2024,"30,000-123,000",3675750.0,5294499.5,5999500.0,6,0,100.0,9.3,True,"OK (yasla aciklanan, corr=-0.46)",N/A (tek/az veri),OK (['SUV']),5,MEDIUM,train_n=6; probe hata %9.3; premium segment
Audi,TTS,9,9,9,brand_model,5,2008-2016,"69,000-248,000",1199000.0,1555000.0,3845000.0,4,5,44.4,57.8,True,"OK (yasla aciklanan, corr=-0.90)",OK (cv=0.06),"COKLU-VARYANT (['Coupe', 'Roadster'])",5,HIGH,train_n=9; probe hata %57.8
Audi,100 Serisi,9,9,9,brand_model,6,1981-1992,"128,000-446,000",157500.0,260000.0,550000.0,6,3,66.7,138.1,False,"INCELE (corr=0.133, cv=0.403)",HETEROJEN (cv=0.59),OK (['Sedan']),0,REJECT,train_n=9; motor heterojen: HETEROJEN (cv=0.59); probe hata %138.1
Audi,Q8 E-Tron,9,10,9,brand_model,2,2023-2024,"31,000-76,062",4750000.0,5100000.0,5400000.0,10,0,111.1,6.1,True,"OK (dusuk varyans, cv=0.05)",N/A (tek/az veri),OK (['SUV']),5,MEDIUM,train_n=9; probe hata %6.1; premium segment
Audi,RS,9,35,9,brand_model,4,2001-2016,"99,000-238,000",2400000.0,6395000.0,7999000.0,21,14,233.3,37.4,True,"OK (yasla aciklanan, corr=-0.41)",INCELE (cv=0.18),"HETEROJEN (['Station wagon', 'Sedan', 'Coupe', 'Hatchback/5'])",5,HIGH,train_n=9; probe hata %37.4; premium segment
Cadillac,CTS,1,1,1,brand_model,1,2007-2007,"143,000-143,000",1325000.0,1325000.0,1325000.0,1,0,100.0,13.7,False,"OK (dusuk varyans, cv=0.00)",N/A (tek/az veri),OK (['Sedan']),0,REJECT,train_n=1; yetersiz demir (n<=2); probe hata %13.7
Cadillac,Eldorado,1,1,1,brand_model,1,1993-1993,"110,500-110,500",2575000.0,2575000.0,2575000.0,0,1,0.0,2.0,False,"OK (dusuk varyans, cv=0.00)",N/A (tek/az veri),OK (['Coupe']),0,REJECT,train_n=1; yetersiz demir (n<=2); probe hata %2.0; premium segment
Cadillac,Fleetwood,1,1,1,brand_model,1,1993-1993,"163,000-163,000",1450000.0,1450000.0,1450000.0,0,1,0.0,32.2,False,"OK (dusuk varyans, cv=0.00)",N/A (tek/az veri),OK (['Sedan']),0,REJECT,train_n=1; yetersiz demir (n<=2); probe hata %32.2
Cadillac,DeVille,2,2,2,brand_model,2,1997-2002,"161,313-312,000",2250000.0,2254925.0,2259850.0,1,1,50.0,14.8,True,"OK (dusuk varyans, cv=0.00)",OK (cv=0.00),OK (['Sedan']),0,REJECT,train_n=2; yetersiz demir (n<=2); probe hata %14.8
Cadillac,SRX,3,3,3,brand_model,1,2005-2005,"162,000-192,000",1550000.0,1640000.0,1750000.0,3,0,100.0,1.2,False,"OK (dusuk varyans, cv=0.05)",OK (cv=0.03),OK (['SUV']),0,REJECT,train_n=3; probe hata %1.2
Cadillac,Seville,3,3,3,brand_model,3,1992-2001,"79,000-287,000",849750.0,2100000.0,3750000.0,1,2,33.3,0.1,True,"OK (yasla aciklanan, corr=-0.55)",OK (cv=0.04),OK (['Sedan']),6,MEDIUM,train_n=3; probe hata %0.1
